<?xml version="1.0"?>
<doc>
    <assembly>
        <name>Alfa</name>
    </assembly>
    <members>
        <member name="T:Alfa.Printer">
            <summary>
            Provides methods for printing schedules and statistics to the console.
            </summary>
        </member>
        <member name="M:Alfa.Printer.PrintSchedules(System.Collections.Generic.List{Alfa.Schedule})">
            <summary>
            Prints a list of schedules to the console.
            </summary>
            <param name="schedules">The list of schedules to be printed.</param>
        </member>
        <member name="M:Alfa.Printer.PrintSchedule(Alfa.Schedule)">
            <summary>
            Prints a single schedule to the console.
            </summary>
            <param name="schedule">The schedule to be printed.</param>
        </member>
        <member name="M:Alfa.Printer.PrintStats(System.Int32,System.TimeSpan)">
            <summary>
            Prints statistics including the number of generated schedules and elapsed time to the console.
            </summary>
            <param name="generatedCount">The number of generated schedules.</param>
            <param name="s">The elapsed time.</param>
        </member>
        <member name="T:Alfa.Schedule">
            <summary>
            Represents a schedule with a rating and a list of scheduled subjects per day.
            </summary>
        </member>
        <member name="M:Alfa.Schedule.#ctor">
            <summary>
            Initializes a new instance of the <see cref="T:Alfa.Schedule"/> class with default values.
            </summary>
        </member>
        <member name="M:Alfa.Schedule.#ctor(System.Int32,System.Collections.Generic.List{System.Collections.Generic.List{Alfa.Subject}})">
            <summary>
            Initializes a new instance of the <see cref="T:Alfa.Schedule"/> class with specified rating and schedule.
            </summary>
            <param name="rating">The rating assigned to the schedule.</param>
            <param name="schedule">The list of scheduled subjects per day.</param>
        </member>
        <member name="P:Alfa.Schedule.Rating">
            <summary>
            Gets or sets the rating assigned to the schedule.
            </summary>
        </member>
        <member name="P:Alfa.Schedule.Scheduledays">
            <summary>
            Gets or sets the list of scheduled subjects per day.
            </summary>
        </member>
        <member name="T:Alfa.Generator">
            <summary>
            Generates schedules by randomizing subject selection and arranging them in days.
            </summary>
        </member>
        <member name="M:Alfa.Generator.#ctor(System.Collections.Generic.List{Alfa.Subject},System.Collections.Generic.List{Alfa.Schedule})">
            <summary>
            Initializes a new instance of the <see cref="T:Alfa.Generator"/> class.
            </summary>
            <param name="subjects">List of subjects to be used for schedule generation.</param>
            <param name="generatedSchedules">List to store the generated schedules.</param>
        </member>
        <member name="P:Alfa.Generator.GeneratedCount">
            <summary>
            Gets the count of schedules generated by the generator.
            </summary>
        </member>
        <member name="M:Alfa.Generator.GenerateSchedules(System.Threading.CancellationToken)">
            <summary>
            Generates schedules continuously until cancellation is requested.
            </summary>
            <param name="cancellationToken">Cancellation token to stop the schedule generation process.</param>
        </member>
        <member name="T:Alfa.Program">
            <summary>
            Represents the main program for the Schedule Generator.
            </summary>
        </member>
        <member name="M:Alfa.Program.Main(System.String[])">
            <summary>
            The entry point of the application.
            </summary>
            <param name="args">Command-line arguments.</param>
        </member>
        <member name="M:Alfa.Program.Countdown(System.Int32)">
            <summary>
            Displays a countdown based on the specified timeout.
            </summary>
            <param name="timeout">The timeout duration in seconds.</param>
        </member>
        <member name="T:Alfa.Evaluator">
            <summary>
            Evaluates the quality of a schedule based on various criteria.
            </summary>
        </member>
        <member name="M:Alfa.Evaluator.EvaluateSchedule(Alfa.Schedule)">
            <summary>
            Evaluates the given schedule and assigns a rating based on predefined criteria.
            </summary>
            <param name="schedule">The schedule to be evaluated.</param>
            <returns>The schedule with an assigned rating.</returns>
        </member>
        <member name="T:Alfa.ScheduleGenerator">
            <summary>
            Generates schedules concurrently using multiple threads and evaluates them in parallel.
            </summary>
        </member>
        <member name="P:Alfa.ScheduleGenerator.GeneratedCount">
            <summary>
            Gets the number of schedules generated by the generator.
            </summary>
        </member>
        <member name="M:Alfa.ScheduleGenerator.#ctor(System.Collections.Generic.List{Alfa.Schedule},System.Collections.Generic.List{Alfa.Subject},System.Int32,System.Int32)">
            <summary>
            Initializes a new instance of the <see cref="T:Alfa.ScheduleGenerator"/> class.
            </summary>
            <param name="ratedSchedules">List of rated schedules.</param>
            <param name="subjects">List of subjects to generate schedules for.</param>
            <param name="threads">The number of threads to use for generation and evaluation.</param>
            <param name="timeout">The timeout duration in seconds.</param>
        </member>
        <member name="M:Alfa.ScheduleGenerator.Generate">
            <summary>
            Generates schedules and evaluates them concurrently using multiple threads.
            </summary>
        </member>
        <member name="M:Alfa.ScheduleGenerator.Evaluate(System.Threading.CancellationToken)">
            <summary>
            Evaluates generated schedules and adds them to the list of rated schedules.
            </summary>
            <param name="cancellationToken">Cancellation token to stop the evaluation process.</param>
        </member>
        <member name="T:Alfa.Subject">
            <summary>
            Represents a subject with details such as name, classroom, floor, teacher, and theory status.
            </summary>
        </member>
        <member name="M:Alfa.Subject.#ctor(System.String,System.String,System.Int32,System.String,System.Boolean)">
            <summary>
            Initializes a new instance of the <see cref="T:Alfa.Subject"/> class with specified parameters.
            </summary>
            <param name="subjectName">The name of the subject.</param>
            <param name="classroom">The classroom assigned to the subject.</param>
            <param name="floor">The floor where the subject is scheduled.</param>
            <param name="teacher">The teacher assigned to the subject.</param>
            <param name="theory">Indicates whether the subject is theoretical or practical.</param>
        </member>
        <member name="M:Alfa.Subject.#ctor">
            <summary>
            Initializes a new instance of the <see cref="T:Alfa.Subject"/> class with default values.
            </summary>
        </member>
        <member name="P:Alfa.Subject.SubjectName">
            <summary>
            Gets the name of the subject.
            </summary>
        </member>
        <member name="P:Alfa.Subject.Classroom">
            <summary>
            Gets the assigned classroom for the subject.
            </summary>
        </member>
        <member name="P:Alfa.Subject.Floor">
            <summary>
            Gets the floor where the subject is scheduled.
            </summary>
        </member>
        <member name="P:Alfa.Subject.Teacher">
            <summary>
            Gets the teacher assigned to the subject.
            </summary>
        </member>
        <member name="P:Alfa.Subject.Theory">
            <summary>
            Gets a value indicating whether the subject is theoretical.
            </summary>
        </member>
        <member name="M:Alfa.Subject.LoadFromFile(System.String)">
            <summary>
            Loads a list of subjects from a JSON file.
            </summary>
            <param name="filePath">The path to the JSON file containing subject data.</param>
            <returns>A list of subjects loaded from the JSON file.</returns>
        </member>
    </members>
</doc>
